target,model,rmse,mae,r2,nrmse_range,nrmse_mean,nrmse_std,mape,n_samples
yieldcalc,XGBoost_OOF,531.9686022219732,22.66061019897461,0.632698655128479,0.006045097752522423,12.318141770506548,0.6060539224552642,408.936071395874,500000
yieldcalc,Ridge_Stacked,517.496829700434,28.72796630859375,0.6524111032485962,0.0058806457920503865,11.9830367570786,0.5895667191411493,3838.6558532714844,500000
production,XGBoost_OOF,11022089.795838173,411466.65625,0.5825040340423584,0.008812032136103433,18.871080526570548,0.6461392291389754,48359.393310546875,500000
production,Ridge_Stacked,10968683.057499291,492962.1875,0.5865401029586792,0.008769334072193229,18.7796420717473,0.643008408271036,732107.12890625,500000
area,XGBoost_OOF,28140.566021315208,3360.82958984375,0.6793962717056274,0.003279748024069091,2.312883073532898,0.5662187630119327,899.4114875793457,500000
area,Ridge_Stacked,28025.11559298195,5115.83837890625,0.6820214986801147,0.003266292420016311,2.3033941619977902,0.5638957749572312,10336.441802978516,500000
